{
  "model_name": "simple_autoencoder",
  "feature_names": [
    "num__duration_to_report_ratio",
    "num__duration_seconds",
    "num__report_minus_duration",
    "num__gastro_x_duration",
    "num__accident_ratio_7d",
    "num__std_duration_7d",
    "num__max_duration_7d",
    "num__hour_of_day",
    "num__mean_duration_7d",
    "cat__time_of_day_id_1",
    "cat__time_of_day_id_2",
    "cat__time_of_day_id_3",
    "cat__time_of_day_id_4",
    "cat__time_of_day_id_5"
  ],
  "numerical_cols": [
    "duration_to_report_ratio",
    "duration_seconds",
    "report_minus_duration",
    "gastro_x_duration",
    "accident_ratio_7d",
    "std_duration_7d",
    "max_duration_7d",
    "hour_of_day",
    "mean_duration_7d"
  ],
  "categorical_cols": [
    "time_of_day_id"
  ],
  "num_features": 14,
  "created_at": "2026-03-23T04:45:14.069952",
  "train_metrics": {
    "train_scores": {
      "mean": 0.05834982849639192,
      "std": 0.09354325864092172,
      "min": 0.004513528808959319,
      "max": 6.990549912639054,
      "p5": 0.015169157778162867,
      "median": 0.041936862427567986,
      "p25": 0.027355658991830255,
      "p75": 0.06412230853231221,
      "p95": 0.14444319593607163
    },
    "test_scores": {
      "mean": 0.05806714193167609,
      "std": 0.09662530819732278,
      "min": 0.004932067354996441,
      "max": 4.3989498007224705,
      "p5": 0.014894938246504914,
      "median": 0.04118114288462143,
      "p25": 0.02741228256015334,
      "p75": 0.06378879424998955,
      "p95": 0.14188315309274088
    },
    "num_train_samples": 14787,
    "num_test_samples": 3697,
    "cv_calibration": [
      {
        "fold": 1,
        "train_size": 11829,
        "val_size": 2958,
        "anomaly_ratio": 0.027045300878972278,
        "percentile_used": 97.29546991210277,
        "threshold": 0.19683456207843644
      },
      {
        "fold": 2,
        "train_size": 11829,
        "val_size": 2958,
        "anomaly_ratio": 0.027045300878972278,
        "percentile_used": 97.29546991210277,
        "threshold": 0.1906964750711365
      },
      {
        "fold": 3,
        "train_size": 11830,
        "val_size": 2957,
        "anomaly_ratio": 0.026716266486303687,
        "percentile_used": 97.32837335136963,
        "threshold": 0.2056835967811911
      },
      {
        "fold": 4,
        "train_size": 11830,
        "val_size": 2957,
        "anomaly_ratio": 0.026716266486303687,
        "percentile_used": 97.32837335136963,
        "threshold": 0.16049057163111738
      },
      {
        "fold": 5,
        "train_size": 11830,
        "val_size": 2957,
        "anomaly_ratio": 0.02705444707473791,
        "percentile_used": 97.29455529252621,
        "threshold": 0.1851629307248747
      }
    ],
    "calibrated_threshold": 0.1906964750711365
  },
  "threshold": 0.1906964750711365
}