{
  "model_name": "xgboost_top10",
  "feature_names": [
    "num__duration_seconds",
    "num__hour_of_day",
    "num__mean_duration_7d",
    "num__max_duration_7d",
    "num__std_duration_7d",
    "num__accident_ratio_7d",
    "num__gastro_x_duration",
    "num__report_minus_duration",
    "num__duration_to_report_ratio",
    "cat__time_of_day_id_1",
    "cat__time_of_day_id_2",
    "cat__time_of_day_id_3",
    "cat__time_of_day_id_4",
    "cat__time_of_day_id_5"
  ],
  "numerical_cols": [
    "duration_seconds",
    "hour_of_day",
    "mean_duration_7d",
    "max_duration_7d",
    "std_duration_7d",
    "accident_ratio_7d",
    "gastro_x_duration",
    "report_minus_duration",
    "duration_to_report_ratio"
  ],
  "categorical_cols": [
    "time_of_day_id"
  ],
  "num_features": 14,
  "created_at": "2026-03-24T03:09:02.623338",
  "train_metrics": {
    "train_scores": {
      "mean": 0.038885775953531265,
      "std": 0.16066627204418182,
      "min": 3.3991411328315735e-05,
      "max": 0.9999423027038574,
      "p5": 0.00032092706533148885,
      "median": 0.004545926116406918,
      "p25": 0.0013927442487329245,
      "p75": 0.013413161970674992,
      "p95": 0.08190494030714035
    },
    "test_scores": {
      "mean": 0.03669658675789833,
      "std": 0.1545179933309555,
      "min": 5.3686544561060145e-05,
      "max": 0.9999294281005859,
      "p5": 0.00032940987148322165,
      "median": 0.004589315038174391,
      "p25": 0.0014049019664525986,
      "p75": 0.013306215405464172,
      "p95": 0.07736752927303314
    },
    "num_train_samples": 14787,
    "num_test_samples": 3697,
    "cv_calibration": [
      {
        "fold": 1,
        "train_size": 11829,
        "val_size": 2958,
        "anomaly_ratio": 0.027045300878972278,
        "percentile_used": 97.29546991210277,
        "threshold": 0.29145991802215576
      },
      {
        "fold": 2,
        "train_size": 11829,
        "val_size": 2958,
        "anomaly_ratio": 0.027045300878972278,
        "percentile_used": 97.29546991210277,
        "threshold": 0.27060624957084656
      },
      {
        "fold": 3,
        "train_size": 11830,
        "val_size": 2957,
        "anomaly_ratio": 0.026716266486303687,
        "percentile_used": 97.32837335136963,
        "threshold": 0.14348939061164856
      },
      {
        "fold": 4,
        "train_size": 11830,
        "val_size": 2957,
        "anomaly_ratio": 0.026716266486303687,
        "percentile_used": 97.32837335136963,
        "threshold": 0.48745080828666687
      },
      {
        "fold": 5,
        "train_size": 11830,
        "val_size": 2957,
        "anomaly_ratio": 0.02705444707473791,
        "percentile_used": 97.29455529252621,
        "threshold": 0.5627803206443787
      }
    ],
    "calibrated_threshold": 0.29145991802215576
  },
  "threshold": 0.29145991802215576
}