{
  "model_name": "xgboost_top10",
  "feature_names": [
    "num__duration_seconds",
    "num__hour_of_day",
    "num__mean_duration_7d",
    "num__max_duration_7d",
    "num__std_duration_7d",
    "num__accident_ratio_7d",
    "num__gastro_x_duration",
    "num__report_minus_duration",
    "num__duration_to_report_ratio",
    "cat__time_of_day_id_1",
    "cat__time_of_day_id_2",
    "cat__time_of_day_id_3",
    "cat__time_of_day_id_4",
    "cat__time_of_day_id_5"
  ],
  "numerical_cols": [
    "duration_seconds",
    "hour_of_day",
    "mean_duration_7d",
    "max_duration_7d",
    "std_duration_7d",
    "accident_ratio_7d",
    "gastro_x_duration",
    "report_minus_duration",
    "duration_to_report_ratio"
  ],
  "categorical_cols": [
    "time_of_day_id"
  ],
  "num_features": 14,
  "created_at": "2026-04-03T03:37:10.177527",
  "train_metrics": {
    "train_scores": {
      "mean": 0.038699910044670105,
      "std": 0.16127915680408478,
      "min": 2.7181415134691633e-05,
      "max": 0.9999538660049438,
      "p5": 0.0003493056574370712,
      "median": 0.004086797125637531,
      "p25": 0.0015190774574875832,
      "p75": 0.011350499466061592,
      "p95": 0.08703628927469254
    },
    "test_scores": {
      "mean": 0.039478182792663574,
      "std": 0.16004738211631775,
      "min": 4.530747537501156e-05,
      "max": 0.9999233484268188,
      "p5": 0.00036495737731456757,
      "median": 0.004106609150767326,
      "p25": 0.0015431380597874522,
      "p75": 0.012069269083440304,
      "p95": 0.10108547657728195
    },
    "num_train_samples": 14872,
    "num_test_samples": 3718,
    "cv_calibration": [
      {
        "fold": 1,
        "train_size": 11897,
        "val_size": 2975,
        "anomaly_ratio": 0.02689075630252101,
        "percentile_used": 97.3109243697479,
        "threshold": 0.3713167905807495
      },
      {
        "fold": 2,
        "train_size": 11897,
        "val_size": 2975,
        "anomaly_ratio": 0.02689075630252101,
        "percentile_used": 97.3109243697479,
        "threshold": 0.46644121408462524
      },
      {
        "fold": 3,
        "train_size": 11898,
        "val_size": 2974,
        "anomaly_ratio": 0.026899798251513115,
        "percentile_used": 97.31002017484869,
        "threshold": 0.14867879450321198
      },
      {
        "fold": 4,
        "train_size": 11898,
        "val_size": 2974,
        "anomaly_ratio": 0.026899798251513115,
        "percentile_used": 97.31002017484869,
        "threshold": 0.19891579449176788
      },
      {
        "fold": 5,
        "train_size": 11898,
        "val_size": 2974,
        "anomaly_ratio": 0.026899798251513115,
        "percentile_used": 97.31002017484869,
        "threshold": 0.304834246635437
      }
    ],
    "calibrated_threshold": 0.304834246635437
  },
  "threshold": 0.304834246635437
}