{
  "model_name": "simple_autoencoder_top10",
  "feature_names": [
    "num__duration_seconds",
    "num__hour_of_day",
    "num__mean_duration_7d",
    "num__max_duration_7d",
    "num__std_duration_7d",
    "num__accident_ratio_7d",
    "num__gastro_x_duration",
    "num__report_minus_duration",
    "num__duration_to_report_ratio",
    "cat__time_of_day_id_1",
    "cat__time_of_day_id_2",
    "cat__time_of_day_id_3",
    "cat__time_of_day_id_4",
    "cat__time_of_day_id_5"
  ],
  "numerical_cols": [
    "duration_seconds",
    "hour_of_day",
    "mean_duration_7d",
    "max_duration_7d",
    "std_duration_7d",
    "accident_ratio_7d",
    "gastro_x_duration",
    "report_minus_duration",
    "duration_to_report_ratio"
  ],
  "categorical_cols": [
    "time_of_day_id"
  ],
  "num_features": 14,
  "created_at": "2026-04-03T03:39:03.423635",
  "train_metrics": {
    "train_scores": {
      "mean": 0.05825841627751938,
      "std": 0.05919416992664397,
      "min": 0.004170716526982372,
      "max": 1.971673295017421,
      "p5": 0.013312155977217516,
      "median": 0.04792437323617989,
      "p25": 0.029640528932297686,
      "p75": 0.06452509134509386,
      "p95": 0.14299494775266405
    },
    "test_scores": {
      "mean": 0.0594203345671677,
      "std": 0.06686759906613397,
      "min": 0.003863090460239047,
      "max": 1.5331295126104327,
      "p5": 0.013417661218621464,
      "median": 0.04789419087089947,
      "p25": 0.030563039173013524,
      "p75": 0.06463263728525237,
      "p95": 0.14924151727260498
    },
    "num_train_samples": 14872,
    "num_test_samples": 3718,
    "cv_calibration": [
      {
        "fold": 1,
        "train_size": 11897,
        "val_size": 2975,
        "anomaly_ratio": 0.02689075630252101,
        "percentile_used": 97.3109243697479,
        "threshold": 0.20099431464350295
      },
      {
        "fold": 2,
        "train_size": 11897,
        "val_size": 2975,
        "anomaly_ratio": 0.02689075630252101,
        "percentile_used": 97.3109243697479,
        "threshold": 0.1877476986638847
      },
      {
        "fold": 3,
        "train_size": 11898,
        "val_size": 2974,
        "anomaly_ratio": 0.026899798251513115,
        "percentile_used": 97.31002017484869,
        "threshold": 0.21293361574719585
      },
      {
        "fold": 4,
        "train_size": 11898,
        "val_size": 2974,
        "anomaly_ratio": 0.026899798251513115,
        "percentile_used": 97.31002017484869,
        "threshold": 0.18647469343907092
      },
      {
        "fold": 5,
        "train_size": 11898,
        "val_size": 2974,
        "anomaly_ratio": 0.026899798251513115,
        "percentile_used": 97.31002017484869,
        "threshold": 0.23137009401803843
      }
    ],
    "calibrated_threshold": 0.20099431464350295
  },
  "threshold": 0.20099431464350295
}