{
  "model_name": "simple_autoencoder_top10",
  "feature_names": [
    "num__duration_seconds",
    "num__hour_of_day",
    "num__mean_duration_7d",
    "num__max_duration_7d",
    "num__std_duration_7d",
    "num__accident_ratio_7d",
    "num__gastro_x_duration",
    "num__report_minus_duration",
    "num__duration_to_report_ratio",
    "cat__time_of_day_id_1",
    "cat__time_of_day_id_2",
    "cat__time_of_day_id_3",
    "cat__time_of_day_id_4",
    "cat__time_of_day_id_5"
  ],
  "numerical_cols": [
    "duration_seconds",
    "hour_of_day",
    "mean_duration_7d",
    "max_duration_7d",
    "std_duration_7d",
    "accident_ratio_7d",
    "gastro_x_duration",
    "report_minus_duration",
    "duration_to_report_ratio"
  ],
  "categorical_cols": [
    "time_of_day_id"
  ],
  "num_features": 14,
  "created_at": "2026-03-24T03:09:46.411341",
  "train_metrics": {
    "train_scores": {
      "mean": 0.05820319556928428,
      "std": 0.10063538134014076,
      "min": 0.00537374391724981,
      "max": 8.616352557354428,
      "p5": 0.014716015498494411,
      "median": 0.047072581690376473,
      "p25": 0.028520153981768,
      "p75": 0.06703814320094867,
      "p95": 0.131064209323079
    },
    "test_scores": {
      "mean": 0.05787177230466396,
      "std": 0.12039001062004119,
      "min": 0.00536271991043063,
      "max": 6.710656201459963,
      "p5": 0.014830201478364712,
      "median": 0.046900488615646614,
      "p25": 0.028659132146373882,
      "p75": 0.06590105263110521,
      "p95": 0.1300066718438524
    },
    "num_train_samples": 14787,
    "num_test_samples": 3697,
    "cv_calibration": [
      {
        "fold": 1,
        "train_size": 11829,
        "val_size": 2958,
        "anomaly_ratio": 0.027045300878972278,
        "percentile_used": 97.29546991210277,
        "threshold": 0.19161807252572383
      },
      {
        "fold": 2,
        "train_size": 11829,
        "val_size": 2958,
        "anomaly_ratio": 0.027045300878972278,
        "percentile_used": 97.29546991210277,
        "threshold": 0.16238054841891217
      },
      {
        "fold": 3,
        "train_size": 11830,
        "val_size": 2957,
        "anomaly_ratio": 0.026716266486303687,
        "percentile_used": 97.32837335136963,
        "threshold": 0.20512872392328682
      },
      {
        "fold": 4,
        "train_size": 11830,
        "val_size": 2957,
        "anomaly_ratio": 0.026716266486303687,
        "percentile_used": 97.32837335136963,
        "threshold": 0.1712484520681974
      },
      {
        "fold": 5,
        "train_size": 11830,
        "val_size": 2957,
        "anomaly_ratio": 0.02705444707473791,
        "percentile_used": 97.29455529252621,
        "threshold": 0.233089354756844
      }
    ],
    "calibrated_threshold": 0.19161807252572383
  },
  "threshold": 0.19161807252572383
}