{
  "model_name": "simple_autoencoder",
  "feature_names": [
    "num__duration_to_report_ratio",
    "num__duration_seconds",
    "num__report_minus_duration",
    "num__gastro_x_duration",
    "num__accident_ratio_7d",
    "num__std_duration_7d",
    "num__max_duration_7d",
    "num__hour_of_day",
    "num__mean_duration_7d",
    "cat__time_of_day_id_1",
    "cat__time_of_day_id_2",
    "cat__time_of_day_id_3",
    "cat__time_of_day_id_4",
    "cat__time_of_day_id_5"
  ],
  "numerical_cols": [
    "duration_to_report_ratio",
    "duration_seconds",
    "report_minus_duration",
    "gastro_x_duration",
    "accident_ratio_7d",
    "std_duration_7d",
    "max_duration_7d",
    "hour_of_day",
    "mean_duration_7d"
  ],
  "categorical_cols": [
    "time_of_day_id"
  ],
  "num_features": 14,
  "created_at": "2026-03-22T04:09:23.437162",
  "train_metrics": {
    "train_scores": {
      "mean": 0.03582016812972499,
      "std": 0.09294261707058375,
      "min": 0.0011818229371019068,
      "max": 5.395881438468529,
      "p5": 0.0042256837077101145,
      "median": 0.020034264139564627,
      "p25": 0.011146692141055617,
      "p75": 0.03456377696733741,
      "p95": 0.082188436974237
    },
    "test_scores": {
      "mean": 0.0385844702881784,
      "std": 0.2199905224698954,
      "min": 0.0011683106018313884,
      "max": 12.577108799965291,
      "p5": 0.00438968800861691,
      "median": 0.020114120556147422,
      "p25": 0.011139109211256616,
      "p75": 0.034422170436764585,
      "p95": 0.08260043009645027
    },
    "num_train_samples": 14705,
    "num_test_samples": 3677,
    "cv_calibration": [
      {
        "fold": 1,
        "train_size": 11764,
        "val_size": 2941,
        "anomaly_ratio": 0.0268616116967018,
        "percentile_used": 97.31383883032983,
        "threshold": 0.14661168813936043
      },
      {
        "fold": 2,
        "train_size": 11764,
        "val_size": 2941,
        "anomaly_ratio": 0.0268616116967018,
        "percentile_used": 97.31383883032983,
        "threshold": 0.14041753245927302
      },
      {
        "fold": 3,
        "train_size": 11764,
        "val_size": 2941,
        "anomaly_ratio": 0.027201632097925876,
        "percentile_used": 97.27983679020741,
        "threshold": 0.22121208802541237
      },
      {
        "fold": 4,
        "train_size": 11764,
        "val_size": 2941,
        "anomaly_ratio": 0.027201632097925876,
        "percentile_used": 97.27983679020741,
        "threshold": 0.22452401498744046
      },
      {
        "fold": 5,
        "train_size": 11764,
        "val_size": 2941,
        "anomaly_ratio": 0.027201632097925876,
        "percentile_used": 97.27983679020741,
        "threshold": 0.19038006082783568
      }
    ],
    "calibrated_threshold": 0.19038006082783568
  },
  "threshold": 0.19038006082783568
}