{
  "model_name": "isolation_forest_top10",
  "feature_names": [
    "num__duration_seconds",
    "num__hour_of_day",
    "num__mean_duration_7d",
    "num__max_duration_7d",
    "num__std_duration_7d",
    "num__accident_ratio_7d",
    "num__gastro_x_duration",
    "num__report_minus_duration",
    "num__duration_to_report_ratio",
    "cat__time_of_day_id_1",
    "cat__time_of_day_id_2",
    "cat__time_of_day_id_3",
    "cat__time_of_day_id_4",
    "cat__time_of_day_id_5"
  ],
  "numerical_cols": [
    "duration_seconds",
    "hour_of_day",
    "mean_duration_7d",
    "max_duration_7d",
    "std_duration_7d",
    "accident_ratio_7d",
    "gastro_x_duration",
    "report_minus_duration",
    "duration_to_report_ratio"
  ],
  "categorical_cols": [
    "time_of_day_id"
  ],
  "num_features": 14,
  "created_at": "2026-04-03T03:37:11.403248",
  "train_metrics": {
    "train_scores": {
      "mean": 0.1288855314883349,
      "std": 0.04776145894546037,
      "min": -0.10972969191780912,
      "max": 0.2057695575126816,
      "p5": 0.028400236994153016,
      "median": 0.13790352085129354,
      "p25": 0.11152228547605475,
      "p75": 0.1592323591412073,
      "p95": 0.18853369204795992
    },
    "test_scores": {
      "mean": 0.1296591569655814,
      "std": 0.04811453042971445,
      "min": -0.13329387105767287,
      "max": 0.2045991416101936,
      "p5": 0.03170640894703648,
      "median": 0.1382323054512928,
      "p25": 0.1126146738738618,
      "p75": 0.16025747946519286,
      "p95": 0.18851497451856844
    },
    "num_train_samples": 14872,
    "num_test_samples": 3718,
    "cv_calibration": [
      {
        "fold": 1,
        "train_size": 11897,
        "val_size": 2975,
        "anomaly_ratio": 0.02689075630252101,
        "percentile_used": 2.689075630252101,
        "threshold": -0.008085686654576313
      },
      {
        "fold": 2,
        "train_size": 11897,
        "val_size": 2975,
        "anomaly_ratio": 0.02689075630252101,
        "percentile_used": 2.689075630252101,
        "threshold": -0.006864140499662553
      },
      {
        "fold": 3,
        "train_size": 11898,
        "val_size": 2974,
        "anomaly_ratio": 0.026899798251513115,
        "percentile_used": 2.6899798251513114,
        "threshold": -0.005062129169749971
      },
      {
        "fold": 4,
        "train_size": 11898,
        "val_size": 2974,
        "anomaly_ratio": 0.026899798251513115,
        "percentile_used": 2.6899798251513114,
        "threshold": 0.0012315566731492971
      },
      {
        "fold": 5,
        "train_size": 11898,
        "val_size": 2974,
        "anomaly_ratio": 0.026899798251513115,
        "percentile_used": 2.6899798251513114,
        "threshold": -0.0018541125500583433
      }
    ],
    "calibrated_threshold": -0.005062129169749971
  },
  "threshold": -0.005062129169749971
}